time,id,score,max,min,avg,std
2,001,0.02,0.02,0.02,0.02,0.02
6,001,0.24,0.24,0.02,0.13,0.15556349186104043
13,001,0.01,0.24,0.01,0.09,0.13
23,001,0.06,0.24,0.01,0.0825,0.10719919153924
