time,id,score,max,min,avg,std
1,007,0.5,0.5,0.5,0.5,0.5
12,007,0.8,0.8,0.5,0.65,0.21213203435596428
25,007,0.11,0.8,0.11,0.47000000000000003,0.3459768778401239
34,007,0.25,0.8,0.11,0.41500000000000004,0.30315012782448236
40,007,0.79,0.8,0.11,0.49,0.3115284898689043
53,007,0.5,0.8,0.11,0.4916666666666667,0.27866945772127
57,007,0.5,0.8,0.11,0.4928571428571429,0.25440874498296934
66,007,0.96,0.96,0.11,0.55125,0.2876723086132156
