time,id,score,max,min,avg,std
1,009,0.94,0.94,0.94,0.94,0.94
9,009,0.96,0.96,0.94,0.95,0.014142135623730963
12,009,0.11,0.96,0.11,0.6699999999999999,0.4850773134253961
16,009,0.84,0.96,0.11,0.7125,0.4050822961654417
20,009,0.08,0.96,0.08,0.586,0.4506439836500649
23,009,0.07,0.96,0.07,0.5,0.45479665785931184
31,009,0.98,0.98,0.07,0.5685714285714285,0.4530794106786937
35,009,0.77,0.98,0.07,0.59375,0.4254724265029236
52,009,0.96,0.98,0.07,0.6344444444444445,0.4162965022406239
