time,id,score,max,min,avg,std
1,010,0.84,0.84,0.84,0.84,0.84
10,010,0.9,0.9,0.84,0.87,0.04242640687119289
40,010,0.8,0.9,0.8,0.8466666666666667,0.05033222956847166
51,010,0.82,0.9,0.8,0.84,0.04320493798938574
56,010,0.93,0.93,0.8,0.858,0.054954526656136364
62,010,0.11,0.93,0.11,0.7333333333333334,0.3093002855909879
85,010,0.23,0.93,0.11,0.6614285714285715,0.34046187116075965
