time,id,score,max,min,avg,std
1,011,0.92,0.92,0.92,0.92,0.92
7,011,0.3,0.92,0.3,0.61,0.4384062043356595
25,011,0.78,0.92,0.3,0.6666666666666667,0.3251666239535253
28,011,0.25,0.92,0.25,0.5625,0.3374783943701681
38,011,0.22,0.92,0.22,0.494,0.3299696955782455
45,011,0.1,0.92,0.1,0.42833333333333334,0.33612001824745086
56,011,0.15,0.92,0.1,0.38857142857142857,0.3243675164289509
62,011,0.75,0.92,0.1,0.43375,0.32636252848634445
64,011,0.16,0.92,0.1,0.4033333333333333,0.3186298793270964
