time,id,score,max,min,avg,std
1,015,0.23,0.23,0.23,0.23,0.23
13,015,0.11,0.23,0.11,0.17,0.08485281374238571
29,015,0.8,0.8,0.11,0.38,0.36864617182333526
33,015,0.23,0.8,0.11,0.3425,0.310201547384922
39,015,0.04,0.8,0.04,0.28200000000000003,0.30078231330980887
54,015,0.02,0.8,0.02,0.23833333333333334,0.28951108211373655
82,015,0.26,0.8,0.02,0.24142857142857144,0.26441309671475377
